dataset_type,window_id,train_start,train_end,test_start,test_end,generation,min_impulse_candles,max_duration_ms,diagonal_imbalance_ratio_threshold,min_imbalance_count,take_profit_ticks,stop_loss_ticks,fitness,number_of_trades,net_profit,gross_profit,gross_loss,profit_factor,max_drawdown,win_rate,expectancy,biggest_loss,longest_losing_streak
train,1,0,86986,86986,125287,0,14,2273,6.25,6,18,2,491.93495504995377,5,220.0,258.0,38.0,6.7894736842105265,19.0,0.6,44.0,19.0,1
test,1,0,86986,86986,125287,0,14,2273,6.25,6,18,2,1120.5,9,249.0,344.0,95.0,3.6210526315789475,38.0,0.4444444444444444,27.666666666666668,19.0,2
train,1,0,86986,86986,125287,1,14,2273,6.25,6,18,2,491.93495504995377,5,220.0,258.0,38.0,6.7894736842105265,19.0,0.6,44.0,19.0,1
test,1,0,86986,86986,125287,1,14,2273,6.25,6,18,2,1120.5,9,249.0,344.0,95.0,3.6210526315789475,38.0,0.4444444444444444,27.666666666666668,19.0,2
train,1,0,86986,86986,125287,2,14,2273,6.25,6,18,2,491.93495504995377,5,220.0,258.0,38.0,6.7894736842105265,19.0,0.6,44.0,19.0,1
test,1,0,86986,86986,125287,2,14,2273,6.25,6,18,2,1120.5,9,249.0,344.0,95.0,3.6210526315789475,38.0,0.4444444444444444,27.666666666666668,19.0,2
train,1,0,86986,86986,125287,3,14,3234,5.75,5,19,2,525.4759747124506,5,235.0,273.0,38.0,7.184210526315789,19.0,0.6,47.0,19.0,1
test,1,0,86986,86986,125287,3,14,3234,5.75,5,19,2,1210.5,9,269.0,364.0,95.0,3.831578947368421,38.0,0.4444444444444444,29.88888888888889,19.0,2
train,1,0,86986,86986,125287,4,14,3234,5.75,5,19,2,525.4759747124506,5,235.0,273.0,38.0,7.184210526315789,19.0,0.6,47.0,19.0,1
test,1,0,86986,86986,125287,4,14,3234,5.75,5,19,2,1210.5,9,269.0,364.0,95.0,3.831578947368421,38.0,0.4444444444444444,29.88888888888889,19.0,2
train,1,0,86986,86986,125287,5,14,3502,3.25,5,19,2,525.4759747124506,5,235.0,273.0,38.0,7.184210526315789,19.0,0.6,47.0,19.0,1
test,1,0,86986,86986,125287,5,14,3502,3.25,5,19,2,1210.5,9,269.0,364.0,95.0,3.831578947368421,38.0,0.4444444444444444,29.88888888888889,19.0,2
train,1,0,86986,86986,125287,6,13,3481,6.5,7,19,2,529.0897844411664,6,216.0,273.0,57.0,4.7894736842105265,19.0,0.5,36.0,19.0,1
test,1,0,86986,86986,125287,6,13,3481,6.5,7,19,2,221.35943621178654,10,140.0,273.0,133.0,2.0526315789473686,114.0,0.3,14.0,19.0,6
train,1,0,86986,86986,125287,7,14,2273,5.75,5,19,2,525.4759747124506,5,235.0,273.0,38.0,7.184210526315789,19.0,0.6,47.0,19.0,1
test,1,0,86986,86986,125287,7,14,2273,5.75,5,19,2,1210.5,9,269.0,364.0,95.0,3.831578947368421,38.0,0.4444444444444444,29.88888888888889,19.0,2
train,1,0,86986,86986,125287,8,14,3481,3.25,3,19,2,525.4759747124506,5,235.0,273.0,38.0,7.184210526315789,19.0,0.6,47.0,19.0,1
test,1,0,86986,86986,125287,8,14,3481,3.25,3,19,2,1185.8541225631423,10,250.0,364.0,114.0,3.192982456140351,38.0,0.4,25.0,19.0,2
train,1,0,86986,86986,125287,9,14,2273,5.75,2,19,2,525.4759747124506,5,235.0,273.0,38.0,7.184210526315789,19.0,0.6,47.0,19.0,1
test,1,0,86986,86986,125287,9,14,2273,5.75,2,19,2,1210.5,9,269.0,364.0,95.0,3.831578947368421,38.0,0.4444444444444444,29.88888888888889,19.0,2
train,1,0,86986,86986,125287,10,14,3481,6.75,5,19,2,525.4759747124506,5,235.0,273.0,38.0,7.184210526315789,19.0,0.6,47.0,19.0,1
test,1,0,86986,86986,125287,10,14,3481,6.75,5,19,2,1210.5,9,269.0,364.0,95.0,3.831578947368421,38.0,0.4444444444444444,29.88888888888889,19.0,2
train,1,0,86986,86986,125287,11,13,4000,5.75,7,19,2,529.0897844411664,6,216.0,273.0,57.0,4.7894736842105265,19.0,0.5,36.0,19.0,1
test,1,0,86986,86986,125287,11,13,4000,5.75,7,19,2,347.93569808227494,13,193.0,364.0,171.0,2.128654970760234,114.0,0.3076923076923077,14.846153846153847,19.0,6
train,1,0,86986,86986,125287,12,13,4000,5.75,7,19,2,529.0897844411664,6,216.0,273.0,57.0,4.7894736842105265,19.0,0.5,36.0,19.0,1
test,1,0,86986,86986,125287,12,13,4000,5.75,7,19,2,347.93569808227494,13,193.0,364.0,171.0,2.128654970760234,114.0,0.3076923076923077,14.846153846153847,19.0,6
train,1,0,86986,86986,125287,13,14,3234,5.75,5,19,2,525.4759747124506,5,235.0,273.0,38.0,7.184210526315789,19.0,0.6,47.0,19.0,1
test,1,0,86986,86986,125287,13,14,3234,5.75,5,19,2,1210.5,9,269.0,364.0,95.0,3.831578947368421,38.0,0.4444444444444444,29.88888888888889,19.0,2
train,1,0,86986,86986,125287,14,14,3502,9.5,4,19,2,525.4759747124506,5,235.0,273.0,38.0,7.184210526315789,19.0,0.6,47.0,19.0,1
test,1,0,86986,86986,125287,14,14,3502,9.5,4,19,2,1210.5,9,269.0,364.0,95.0,3.831578947368421,38.0,0.4444444444444444,29.88888888888889,19.0,2
train,1,0,86986,86986,125287,15,14,3234,3.25,4,19,2,525.4759747124506,5,235.0,273.0,38.0,7.184210526315789,19.0,0.6,47.0,19.0,1
test,1,0,86986,86986,125287,15,14,3234,3.25,4,19,2,1185.8541225631423,10,250.0,364.0,114.0,3.192982456140351,38.0,0.4,25.0,19.0,2
train,1,0,86986,86986,125287,16,14,2942,5.75,5,19,2,525.4759747124506,5,235.0,273.0,38.0,7.184210526315789,19.0,0.6,47.0,19.0,1
test,1,0,86986,86986,125287,16,14,2942,5.75,5,19,2,1210.5,9,269.0,364.0,95.0,3.831578947368421,38.0,0.4444444444444444,29.88888888888889,19.0,2
train,1,0,86986,86986,125287,17,14,3428,9.5,5,19,2,525.4759747124506,5,235.0,273.0,38.0,7.184210526315789,19.0,0.6,47.0,19.0,1
test,1,0,86986,86986,125287,17,14,3428,9.5,5,19,2,138.10821843757162,7,87.0,182.0,95.0,1.9157894736842105,95.0,0.2857142857142857,12.428571428571429,19.0,5
train,1,0,86986,86986,125287,18,14,3618,6.5,5,19,2,525.4759747124506,5,235.0,273.0,38.0,7.184210526315789,19.0,0.6,47.0,19.0,1
test,1,0,86986,86986,125287,18,14,3618,6.5,5,19,2,1210.5,9,269.0,364.0,95.0,3.831578947368421,38.0,0.4444444444444444,29.88888888888889,19.0,2
train,1,0,86986,86986,125287,19,14,3852,5.75,6,19,2,525.4759747124506,5,235.0,273.0,38.0,7.184210526315789,19.0,0.6,47.0,19.0,1
test,1,0,86986,86986,125287,19,14,3852,5.75,6,19,2,1210.5,9,269.0,364.0,95.0,3.831578947368421,38.0,0.4444444444444444,29.88888888888889,19.0,2
train,1,0,86986,86986,125287,20,14,3481,5.75,6,19,2,525.4759747124506,5,235.0,273.0,38.0,7.184210526315789,19.0,0.6,47.0,19.0,1
test,1,0,86986,86986,125287,20,14,3481,5.75,6,19,2,1210.5,9,269.0,364.0,95.0,3.831578947368421,38.0,0.4444444444444444,29.88888888888889,19.0,2
train,1,0,86986,86986,125287,21,14,3502,5.75,5,19,2,525.4759747124506,5,235.0,273.0,38.0,7.184210526315789,19.0,0.6,47.0,19.0,1
test,1,0,86986,86986,125287,21,14,3502,5.75,5,19,2,1210.5,9,269.0,364.0,95.0,3.831578947368421,38.0,0.4444444444444444,29.88888888888889,19.0,2
train,1,0,86986,86986,125287,22,14,3104,5.75,6,19,2,525.4759747124506,5,235.0,273.0,38.0,7.184210526315789,19.0,0.6,47.0,19.0,1
test,1,0,86986,86986,125287,22,14,3104,5.75,6,19,2,1210.5,9,269.0,364.0,95.0,3.831578947368421,38.0,0.4444444444444444,29.88888888888889,19.0,2
train,1,0,86986,86986,125287,23,14,3502,9.75,4,19,2,525.4759747124506,5,235.0,273.0,38.0,7.184210526315789,19.0,0.6,47.0,19.0,1
test,1,0,86986,86986,125287,23,14,3502,9.75,4,19,2,1210.5,9,269.0,364.0,95.0,3.831578947368421,38.0,0.4444444444444444,29.88888888888889,19.0,2
train,1,0,86986,86986,125287,24,14,3907,5.5,3,19,2,525.4759747124506,5,235.0,273.0,38.0,7.184210526315789,19.0,0.6,47.0,19.0,1
test,1,0,86986,86986,125287,24,14,3907,5.5,3,19,2,1210.5,9,269.0,364.0,95.0,3.831578947368421,38.0,0.4444444444444444,29.88888888888889,19.0,2
train,1,0,86986,86986,125287,25,14,3762,5.5,3,19,2,525.4759747124506,5,235.0,273.0,38.0,7.184210526315789,19.0,0.6,47.0,19.0,1
test,1,0,86986,86986,125287,25,14,3762,5.5,3,19,2,1210.5,9,269.0,364.0,95.0,3.831578947368421,38.0,0.4444444444444444,29.88888888888889,19.0,2
train,1,0,86986,86986,125287,26,14,3762,5.5,5,19,2,525.4759747124506,5,235.0,273.0,38.0,7.184210526315789,19.0,0.6,47.0,19.0,1
test,1,0,86986,86986,125287,26,14,3762,5.5,5,19,2,1210.5,9,269.0,364.0,95.0,3.831578947368421,38.0,0.4444444444444444,29.88888888888889,19.0,2
train,1,0,86986,86986,125287,27,14,3341,5.5,6,19,2,525.4759747124506,5,235.0,273.0,38.0,7.184210526315789,19.0,0.6,47.0,19.0,1
test,1,0,86986,86986,125287,27,14,3341,5.5,6,19,2,1210.5,9,269.0,364.0,95.0,3.831578947368421,38.0,0.4444444444444444,29.88888888888889,19.0,2
train,1,0,86986,86986,125287,28,14,3341,5.5,6,19,2,525.4759747124506,5,235.0,273.0,38.0,7.184210526315789,19.0,0.6,47.0,19.0,1
test,1,0,86986,86986,125287,28,14,3341,5.5,6,19,2,1210.5,9,269.0,364.0,95.0,3.831578947368421,38.0,0.4444444444444444,29.88888888888889,19.0,2
train,1,0,86986,86986,125287,29,14,3907,5.75,4,19,2,525.4759747124506,5,235.0,273.0,38.0,7.184210526315789,19.0,0.6,47.0,19.0,1
test,1,0,86986,86986,125287,29,14,3907,5.75,4,19,2,1210.5,9,269.0,364.0,95.0,3.831578947368421,38.0,0.4444444444444444,29.88888888888889,19.0,2
train,1,0,86986,86986,125287,30,14,3852,9.25,6,19,2,525.4759747124506,5,235.0,273.0,38.0,7.184210526315789,19.0,0.6,47.0,19.0,1
test,1,0,86986,86986,125287,30,14,3852,9.25,6,19,2,138.10821843757162,7,87.0,182.0,95.0,1.9157894736842105,95.0,0.2857142857142857,12.428571428571429,19.0,5
train,1,0,86986,86986,125287,31,14,3341,5.75,5,19,2,525.4759747124506,5,235.0,273.0,38.0,7.184210526315789,19.0,0.6,47.0,19.0,1
test,1,0,86986,86986,125287,31,14,3341,5.75,5,19,2,1210.5,9,269.0,364.0,95.0,3.831578947368421,38.0,0.4444444444444444,29.88888888888889,19.0,2
train,1,0,86986,86986,125287,32,14,3217,5.75,4,19,2,525.4759747124506,5,235.0,273.0,38.0,7.184210526315789,19.0,0.6,47.0,19.0,1
test,1,0,86986,86986,125287,32,14,3217,5.75,4,19,2,1210.5,9,269.0,364.0,95.0,3.831578947368421,38.0,0.4444444444444444,29.88888888888889,19.0,2
train,1,0,86986,86986,125287,33,14,3341,6.0,5,19,2,525.4759747124506,5,235.0,273.0,38.0,7.184210526315789,19.0,0.6,47.0,19.0,1
test,1,0,86986,86986,125287,33,14,3341,6.0,5,19,2,1210.5,9,269.0,364.0,95.0,3.831578947368421,38.0,0.4444444444444444,29.88888888888889,19.0,2
train,1,0,86986,86986,125287,34,14,3234,6.0,6,19,2,525.4759747124506,5,235.0,273.0,38.0,7.184210526315789,19.0,0.6,47.0,19.0,1
test,1,0,86986,86986,125287,34,14,3234,6.0,6,19,2,1210.5,9,269.0,364.0,95.0,3.831578947368421,38.0,0.4444444444444444,29.88888888888889,19.0,2
train,1,0,86986,86986,125287,35,13,3502,5.75,7,19,2,529.0897844411664,6,216.0,273.0,57.0,4.7894736842105265,19.0,0.5,36.0,19.0,1
test,1,0,86986,86986,125287,35,13,3502,5.75,7,19,2,347.93569808227494,13,193.0,364.0,171.0,2.128654970760234,114.0,0.3076923076923077,14.846153846153847,19.0,6
train,1,0,86986,86986,125287,36,13,3217,5.75,7,19,2,529.0897844411664,6,216.0,273.0,57.0,4.7894736842105265,19.0,0.5,36.0,19.0,1
test,1,0,86986,86986,125287,36,13,3217,5.75,7,19,2,347.93569808227494,13,193.0,364.0,171.0,2.128654970760234,114.0,0.3076923076923077,14.846153846153847,19.0,6
train,1,0,86986,86986,125287,37,13,3912,5.75,7,19,2,529.0897844411664,6,216.0,273.0,57.0,4.7894736842105265,19.0,0.5,36.0,19.0,1
test,1,0,86986,86986,125287,37,13,3912,5.75,7,19,2,347.93569808227494,13,193.0,364.0,171.0,2.128654970760234,114.0,0.3076923076923077,14.846153846153847,19.0,6
train,1,0,86986,86986,125287,38,13,2961,5.75,7,19,2,529.0897844411664,6,216.0,273.0,57.0,4.7894736842105265,19.0,0.5,36.0,19.0,1
test,1,0,86986,86986,125287,38,13,2961,5.75,7,19,2,347.93569808227494,13,193.0,364.0,171.0,2.128654970760234,114.0,0.3076923076923077,14.846153846153847,19.0,6
train,1,0,86986,86986,125287,39,13,3912,5.75,7,19,2,529.0897844411664,6,216.0,273.0,57.0,4.7894736842105265,19.0,0.5,36.0,19.0,1
test,1,0,86986,86986,125287,39,13,3912,5.75,7,19,2,347.93569808227494,13,193.0,364.0,171.0,2.128654970760234,114.0,0.3076923076923077,14.846153846153847,19.0,6
train,1,0,86986,86986,125287,40,13,2961,6.0,7,19,2,529.0897844411664,6,216.0,273.0,57.0,4.7894736842105265,19.0,0.5,36.0,19.0,1
test,1,0,86986,86986,125287,40,13,2961,6.0,7,19,2,221.35943621178654,10,140.0,273.0,133.0,2.0526315789473686,114.0,0.3,14.0,19.0,6
train,1,0,86986,86986,125287,41,13,2961,5.75,7,20,2,565.8321305829141,6,231.0,288.0,57.0,5.052631578947368,19.0,0.5,38.5,19.0,1
test,1,0,86986,86986,125287,41,13,2961,5.75,7,20,2,499.4836934275232,11,251.0,384.0,133.0,2.887218045112782,95.0,0.36363636363636365,22.818181818181817,19.0,5
train,1,0,86986,86986,125287,42,13,3907,6.0,7,19,2,529.0897844411664,6,216.0,273.0,57.0,4.7894736842105265,19.0,0.5,36.0,19.0,1
test,1,0,86986,86986,125287,42,13,3907,6.0,7,19,2,221.35943621178654,10,140.0,273.0,133.0,2.0526315789473686,114.0,0.3,14.0,19.0,6
train,1,0,86986,86986,125287,43,13,3502,5.75,7,19,2,529.0897844411664,6,216.0,273.0,57.0,4.7894736842105265,19.0,0.5,36.0,19.0,1
test,1,0,86986,86986,125287,43,13,3502,5.75,7,19,2,347.93569808227494,13,193.0,364.0,171.0,2.128654970760234,114.0,0.3076923076923077,14.846153846153847,19.0,6
train,1,0,86986,86986,125287,44,13,3217,5.75,7,20,2,565.8321305829141,6,231.0,288.0,57.0,5.052631578947368,19.0,0.5,38.5,19.0,1
test,1,0,86986,86986,125287,44,13,3217,5.75,7,20,2,499.4836934275232,11,251.0,384.0,133.0,2.887218045112782,95.0,0.36363636363636365,22.818181818181817,19.0,5
train,1,0,86986,86986,125287,45,13,2961,5.75,7,21,2,602.5744767246617,6,246.0,303.0,57.0,5.315789473684211,19.0,0.5,41.0,19.0,1
test,1,0,86986,86986,125287,45,13,2961,5.75,7,21,2,300.4862060061992,11,151.0,303.0,152.0,1.993421052631579,95.0,0.2727272727272727,13.727272727272727,19.0,5
train,1,0,86986,86986,125287,46,13,3691,5.75,7,21,2,602.5744767246617,6,246.0,303.0,57.0,5.315789473684211,19.0,0.5,41.0,19.0,1
test,1,0,86986,86986,125287,46,13,3691,5.75,7,21,2,300.4862060061992,11,151.0,303.0,152.0,1.993421052631579,95.0,0.2727272727272727,13.727272727272727,19.0,5
train,1,0,86986,86986,125287,47,13,3691,5.5,7,21,2,602.5744767246617,6,246.0,303.0,57.0,5.315789473684211,19.0,0.5,41.0,19.0,1
test,1,0,86986,86986,125287,47,13,3691,5.5,7,21,2,300.4862060061992,11,151.0,303.0,152.0,1.993421052631579,95.0,0.2727272727272727,13.727272727272727,19.0,5
train,1,0,86986,86986,125287,48,13,3691,5.5,7,23,2,659.640053362438,5,295.0,333.0,38.0,8.763157894736842,19.0,0.6,59.0,19.0,1
test,1,0,86986,86986,125287,48,13,3691,5.5,7,23,2,360.1854522325964,11,181.0,333.0,152.0,2.1907894736842106,95.0,0.2727272727272727,16.454545454545453,19.0,5
train,1,0,86986,86986,125287,49,13,3691,5.5,7,23,2,659.640053362438,5,295.0,333.0,38.0,8.763157894736842,19.0,0.6,59.0,19.0,1
test,1,0,86986,86986,125287,49,13,3691,5.5,7,23,2,360.1854522325964,11,181.0,333.0,152.0,2.1907894736842106,95.0,0.2727272727272727,16.454545454545453,19.0,5
train,1,0,86986,86986,125287,50,13,3594,5.5,7,23,2,659.640053362438,5,295.0,333.0,38.0,8.763157894736842,19.0,0.6,59.0,19.0,1
test,1,0,86986,86986,125287,50,13,3594,5.5,7,23,2,360.1854522325964,11,181.0,333.0,152.0,2.1907894736842106,95.0,0.2727272727272727,16.454545454545453,19.0,5
train,1,0,86986,86986,125287,51,13,3502,5.75,7,23,2,659.640053362438,5,295.0,333.0,38.0,8.763157894736842,19.0,0.6,59.0,19.0,1
test,1,0,86986,86986,125287,51,13,3502,5.75,7,23,2,360.1854522325964,11,181.0,333.0,152.0,2.1907894736842106,95.0,0.2727272727272727,16.454545454545453,19.0,5
train,1,0,86986,86986,125287,52,13,2961,5.25,7,23,2,659.640053362438,5,295.0,333.0,38.0,8.763157894736842,19.0,0.6,59.0,19.0,1
test,1,0,86986,86986,125287,52,13,2961,5.25,7,23,2,360.1854522325964,11,181.0,333.0,152.0,2.1907894736842106,95.0,0.2727272727272727,16.454545454545453,19.0,5
train,1,0,86986,86986,125287,53,13,3691,5.75,7,23,2,659.640053362438,5,295.0,333.0,38.0,8.763157894736842,19.0,0.6,59.0,19.0,1
test,1,0,86986,86986,125287,53,13,3691,5.75,7,23,2,360.1854522325964,11,181.0,333.0,152.0,2.1907894736842106,95.0,0.2727272727272727,16.454545454545453,19.0,5
train,1,0,86986,86986,125287,54,13,4000,5.75,7,23,2,659.640053362438,5,295.0,333.0,38.0,8.763157894736842,19.0,0.6,59.0,19.0,1
test,1,0,86986,86986,125287,54,13,4000,5.75,7,23,2,360.1854522325964,11,181.0,333.0,152.0,2.1907894736842106,95.0,0.2727272727272727,16.454545454545453,19.0,5
train,1,0,86986,86986,125287,55,13,3600,5.75,7,23,2,659.640053362438,5,295.0,333.0,38.0,8.763157894736842,19.0,0.6,59.0,19.0,1
test,1,0,86986,86986,125287,55,13,3600,5.75,7,23,2,360.1854522325964,11,181.0,333.0,152.0,2.1907894736842106,95.0,0.2727272727272727,16.454545454545453,19.0,5
train,1,0,86986,86986,125287,56,13,3502,5.75,7,23,2,659.640053362438,5,295.0,333.0,38.0,8.763157894736842,19.0,0.6,59.0,19.0,1
test,1,0,86986,86986,125287,56,13,3502,5.75,7,23,2,360.1854522325964,11,181.0,333.0,152.0,2.1907894736842106,95.0,0.2727272727272727,16.454545454545453,19.0,5
train,1,0,86986,86986,125287,57,13,3502,5.75,8,23,2,659.640053362438,5,295.0,333.0,38.0,8.763157894736842,19.0,0.6,59.0,19.0,1
test,1,0,86986,86986,125287,57,13,3502,5.75,8,23,2,474.34164902525697,10,200.0,333.0,133.0,2.5037593984962405,76.0,0.3,20.0,19.0,4
train,1,0,86986,86986,125287,58,13,2961,5.5,7,23,2,659.640053362438,5,295.0,333.0,38.0,8.763157894736842,19.0,0.6,59.0,19.0,1
test,1,0,86986,86986,125287,58,13,2961,5.5,7,23,2,360.1854522325964,11,181.0,333.0,152.0,2.1907894736842106,95.0,0.2727272727272727,16.454545454545453,19.0,5
train,1,0,86986,86986,125287,59,13,3502,5.5,8,23,2,659.640053362438,5,295.0,333.0,38.0,8.763157894736842,19.0,0.6,59.0,19.0,1
test,1,0,86986,86986,125287,59,13,3502,5.5,8,23,2,474.34164902525697,10,200.0,333.0,133.0,2.5037593984962405,76.0,0.3,20.0,19.0,4
train,1,0,86986,86986,125287,60,13,2961,5.75,7,23,2,659.640053362438,5,295.0,333.0,38.0,8.763157894736842,19.0,0.6,59.0,19.0,1
test,1,0,86986,86986,125287,60,13,2961,5.75,7,23,2,360.1854522325964,11,181.0,333.0,152.0,2.1907894736842106,95.0,0.2727272727272727,16.454545454545453,19.0,5
train,1,0,86986,86986,125287,61,13,3281,5.75,7,23,2,659.640053362438,5,295.0,333.0,38.0,8.763157894736842,19.0,0.6,59.0,19.0,1
test,1,0,86986,86986,125287,61,13,3281,5.75,7,23,2,360.1854522325964,11,181.0,333.0,152.0,2.1907894736842106,95.0,0.2727272727272727,16.454545454545453,19.0,5
train,1,0,86986,86986,125287,62,13,2961,5.5,7,23,2,659.640053362438,5,295.0,333.0,38.0,8.763157894736842,19.0,0.6,59.0,19.0,1
test,1,0,86986,86986,125287,62,13,2961,5.5,7,23,2,360.1854522325964,11,181.0,333.0,152.0,2.1907894736842106,95.0,0.2727272727272727,16.454545454545453,19.0,5
train,1,0,86986,86986,125287,63,13,3281,5.5,8,23,2,659.640053362438,5,295.0,333.0,38.0,8.763157894736842,19.0,0.6,59.0,19.0,1
test,1,0,86986,86986,125287,63,13,3281,5.5,8,23,2,474.34164902525697,10,200.0,333.0,133.0,2.5037593984962405,76.0,0.3,20.0,19.0,4
train,1,0,86986,86986,125287,64,13,3691,5.5,7,23,2,659.640053362438,5,295.0,333.0,38.0,8.763157894736842,19.0,0.6,59.0,19.0,1
test,1,0,86986,86986,125287,64,13,3691,5.5,7,23,2,360.1854522325964,11,181.0,333.0,152.0,2.1907894736842106,95.0,0.2727272727272727,16.454545454545453,19.0,5
train,1,0,86986,86986,125287,65,13,3312,5.25,7,23,2,659.640053362438,5,295.0,333.0,38.0,8.763157894736842,19.0,0.6,59.0,19.0,1
test,1,0,86986,86986,125287,65,13,3312,5.25,7,23,2,360.1854522325964,11,181.0,333.0,152.0,2.1907894736842106,95.0,0.2727272727272727,16.454545454545453,19.0,5
train,1,0,86986,86986,125287,66,13,3312,5.75,7,23,2,659.640053362438,5,295.0,333.0,38.0,8.763157894736842,19.0,0.6,59.0,19.0,1
test,1,0,86986,86986,125287,66,13,3312,5.75,7,23,2,360.1854522325964,11,181.0,333.0,152.0,2.1907894736842106,95.0,0.2727272727272727,16.454545454545453,19.0,5
train,1,0,86986,86986,125287,67,13,3245,5.25,7,23,2,659.640053362438,5,295.0,333.0,38.0,8.763157894736842,19.0,0.6,59.0,19.0,1
test,1,0,86986,86986,125287,67,13,3245,5.25,7,23,2,360.1854522325964,11,181.0,333.0,152.0,2.1907894736842106,95.0,0.2727272727272727,16.454545454545453,19.0,5
train,1,0,86986,86986,125287,68,13,3502,5.5,7,23,2,659.640053362438,5,295.0,333.0,38.0,8.763157894736842,19.0,0.6,59.0,19.0,1
test,1,0,86986,86986,125287,68,13,3502,5.5,7,23,2,360.1854522325964,11,181.0,333.0,152.0,2.1907894736842106,95.0,0.2727272727272727,16.454545454545453,19.0,5
train,1,0,86986,86986,125287,69,13,3312,5.75,7,23,2,659.640053362438,5,295.0,333.0,38.0,8.763157894736842,19.0,0.6,59.0,19.0,1
test,1,0,86986,86986,125287,69,13,3312,5.75,7,23,2,360.1854522325964,11,181.0,333.0,152.0,2.1907894736842106,95.0,0.2727272727272727,16.454545454545453,19.0,5
train,1,0,86986,86986,125287,70,13,3502,5.5,7,23,2,659.640053362438,5,295.0,333.0,38.0,8.763157894736842,19.0,0.6,59.0,19.0,1
test,1,0,86986,86986,125287,70,13,3502,5.5,7,23,2,360.1854522325964,11,181.0,333.0,152.0,2.1907894736842106,95.0,0.2727272727272727,16.454545454545453,19.0,5
train,1,0,86986,86986,125287,71,13,3502,5.25,7,23,2,659.640053362438,5,295.0,333.0,38.0,8.763157894736842,19.0,0.6,59.0,19.0,1
test,1,0,86986,86986,125287,71,13,3502,5.25,7,23,2,360.1854522325964,11,181.0,333.0,152.0,2.1907894736842106,95.0,0.2727272727272727,16.454545454545453,19.0,5
train,1,0,86986,86986,125287,72,13,3502,5.75,7,23,2,659.640053362438,5,295.0,333.0,38.0,8.763157894736842,19.0,0.6,59.0,19.0,1
test,1,0,86986,86986,125287,72,13,3502,5.75,7,23,2,360.1854522325964,11,181.0,333.0,152.0,2.1907894736842106,95.0,0.2727272727272727,16.454545454545453,19.0,5
train,1,0,86986,86986,125287,73,13,3580,5.5,7,23,2,659.640053362438,5,295.0,333.0,38.0,8.763157894736842,19.0,0.6,59.0,19.0,1
test,1,0,86986,86986,125287,73,13,3580,5.5,7,23,2,360.1854522325964,11,181.0,333.0,152.0,2.1907894736842106,95.0,0.2727272727272727,16.454545454545453,19.0,5
train,1,0,86986,86986,125287,74,13,3580,5.25,7,23,2,659.640053362438,5,295.0,333.0,38.0,8.763157894736842,19.0,0.6,59.0,19.0,1
test,1,0,86986,86986,125287,74,13,3580,5.25,7,23,2,360.1854522325964,11,181.0,333.0,152.0,2.1907894736842106,95.0,0.2727272727272727,16.454545454545453,19.0,5
train,1,0,86986,86986,125287,75,13,3502,5.25,7,23,2,659.640053362438,5,295.0,333.0,38.0,8.763157894736842,19.0,0.6,59.0,19.0,1
test,1,0,86986,86986,125287,75,13,3502,5.25,7,23,2,360.1854522325964,11,181.0,333.0,152.0,2.1907894736842106,95.0,0.2727272727272727,16.454545454545453,19.0,5
train,1,0,86986,86986,125287,76,13,3712,5.75,7,23,2,659.640053362438,5,295.0,333.0,38.0,8.763157894736842,19.0,0.6,59.0,19.0,1
test,1,0,86986,86986,125287,76,13,3712,5.75,7,23,2,360.1854522325964,11,181.0,333.0,152.0,2.1907894736842106,95.0,0.2727272727272727,16.454545454545453,19.0,5
train,1,0,86986,86986,125287,77,13,3502,5.25,7,23,2,659.640053362438,5,295.0,333.0,38.0,8.763157894736842,19.0,0.6,59.0,19.0,1
test,1,0,86986,86986,125287,77,13,3502,5.25,7,23,2,360.1854522325964,11,181.0,333.0,152.0,2.1907894736842106,95.0,0.2727272727272727,16.454545454545453,19.0,5
train,1,0,86986,86986,125287,78,13,3580,5.25,7,23,2,659.640053362438,5,295.0,333.0,38.0,8.763157894736842,19.0,0.6,59.0,19.0,1
test,1,0,86986,86986,125287,78,13,3580,5.25,7,23,2,360.1854522325964,11,181.0,333.0,152.0,2.1907894736842106,95.0,0.2727272727272727,16.454545454545453,19.0,5
train,1,0,86986,86986,125287,79,13,3580,5.5,7,23,2,659.640053362438,5,295.0,333.0,38.0,8.763157894736842,19.0,0.6,59.0,19.0,1
test,1,0,86986,86986,125287,79,13,3580,5.5,7,23,2,360.1854522325964,11,181.0,333.0,152.0,2.1907894736842106,95.0,0.2727272727272727,16.454545454545453,19.0,5
train,1,0,86986,86986,125287,80,13,3580,5.5,8,23,2,659.640053362438,5,295.0,333.0,38.0,8.763157894736842,19.0,0.6,59.0,19.0,1
test,1,0,86986,86986,125287,80,13,3580,5.5,8,23,2,474.34164902525697,10,200.0,333.0,133.0,2.5037593984962405,76.0,0.3,20.0,19.0,4
train,1,0,86986,86986,125287,81,13,3502,5.75,8,23,2,659.640053362438,5,295.0,333.0,38.0,8.763157894736842,19.0,0.6,59.0,19.0,1
test,1,0,86986,86986,125287,81,13,3502,5.75,8,23,2,474.34164902525697,10,200.0,333.0,133.0,2.5037593984962405,76.0,0.3,20.0,19.0,4
train,1,0,86986,86986,125287,82,13,3580,5.75,8,23,2,659.640053362438,5,295.0,333.0,38.0,8.763157894736842,19.0,0.6,59.0,19.0,1
test,1,0,86986,86986,125287,82,13,3580,5.75,8,23,2,474.34164902525697,10,200.0,333.0,133.0,2.5037593984962405,76.0,0.3,20.0,19.0,4
train,1,0,86986,86986,125287,83,13,3245,5.25,7,23,2,659.640053362438,5,295.0,333.0,38.0,8.763157894736842,19.0,0.6,59.0,19.0,1
test,1,0,86986,86986,125287,83,13,3245,5.25,7,23,2,360.1854522325964,11,181.0,333.0,152.0,2.1907894736842106,95.0,0.2727272727272727,16.454545454545453,19.0,5
train,1,0,86986,86986,125287,84,13,3502,5.5,7,23,2,659.640053362438,5,295.0,333.0,38.0,8.763157894736842,19.0,0.6,59.0,19.0,1
test,1,0,86986,86986,125287,84,13,3502,5.5,7,23,2,360.1854522325964,11,181.0,333.0,152.0,2.1907894736842106,95.0,0.2727272727272727,16.454545454545453,19.0,5
train,1,0,86986,86986,125287,85,13,3322,5.75,7,23,2,659.640053362438,5,295.0,333.0,38.0,8.763157894736842,19.0,0.6,59.0,19.0,1
test,1,0,86986,86986,125287,85,13,3322,5.75,7,23,2,360.1854522325964,11,181.0,333.0,152.0,2.1907894736842106,95.0,0.2727272727272727,16.454545454545453,19.0,5
train,1,0,86986,86986,125287,86,13,3502,5.75,7,23,2,659.640053362438,5,295.0,333.0,38.0,8.763157894736842,19.0,0.6,59.0,19.0,1
test,1,0,86986,86986,125287,86,13,3502,5.75,7,23,2,360.1854522325964,11,181.0,333.0,152.0,2.1907894736842106,95.0,0.2727272727272727,16.454545454545453,19.0,5
train,1,0,86986,86986,125287,87,13,3151,5.75,8,23,2,659.640053362438,5,295.0,333.0,38.0,8.763157894736842,19.0,0.6,59.0,19.0,1
test,1,0,86986,86986,125287,87,13,3151,5.75,8,23,2,474.34164902525697,10,200.0,333.0,133.0,2.5037593984962405,76.0,0.3,20.0,19.0,4
train,1,0,86986,86986,125287,88,13,3151,5.25,8,23,2,659.640053362438,5,295.0,333.0,38.0,8.763157894736842,19.0,0.6,59.0,19.0,1
test,1,0,86986,86986,125287,88,13,3151,5.25,8,23,2,474.34164902525697,10,200.0,333.0,133.0,2.5037593984962405,76.0,0.3,20.0,19.0,4
train,1,0,86986,86986,125287,89,13,3866,5.25,7,23,2,659.640053362438,5,295.0,333.0,38.0,8.763157894736842,19.0,0.6,59.0,19.0,1
test,1,0,86986,86986,125287,89,13,3866,5.25,7,23,2,360.1854522325964,11,181.0,333.0,152.0,2.1907894736842106,95.0,0.2727272727272727,16.454545454545453,19.0,5
train,1,0,86986,86986,125287,90,13,3151,5.25,7,23,2,659.640053362438,5,295.0,333.0,38.0,8.763157894736842,19.0,0.6,59.0,19.0,1
test,1,0,86986,86986,125287,90,13,3151,5.25,7,23,2,360.1854522325964,11,181.0,333.0,152.0,2.1907894736842106,95.0,0.2727272727272727,16.454545454545453,19.0,5
train,1,0,86986,86986,125287,91,13,3151,5.25,8,23,2,659.640053362438,5,295.0,333.0,38.0,8.763157894736842,19.0,0.6,59.0,19.0,1
test,1,0,86986,86986,125287,91,13,3151,5.25,8,23,2,474.34164902525697,10,200.0,333.0,133.0,2.5037593984962405,76.0,0.3,20.0,19.0,4
train,1,0,86986,86986,125287,92,13,3340,5.25,7,23,2,659.640053362438,5,295.0,333.0,38.0,8.763157894736842,19.0,0.6,59.0,19.0,1
test,1,0,86986,86986,125287,92,13,3340,5.25,7,23,2,360.1854522325964,11,181.0,333.0,152.0,2.1907894736842106,95.0,0.2727272727272727,16.454545454545453,19.0,5
train,1,0,86986,86986,125287,93,13,3151,5.25,7,23,2,659.640053362438,5,295.0,333.0,38.0,8.763157894736842,19.0,0.6,59.0,19.0,1
test,1,0,86986,86986,125287,93,13,3151,5.25,7,23,2,360.1854522325964,11,181.0,333.0,152.0,2.1907894736842106,95.0,0.2727272727272727,16.454545454545453,19.0,5
train,1,0,86986,86986,125287,94,13,3788,5.25,8,23,2,659.640053362438,5,295.0,333.0,38.0,8.763157894736842,19.0,0.6,59.0,19.0,1
test,1,0,86986,86986,125287,94,13,3788,5.25,8,23,2,474.34164902525697,10,200.0,333.0,133.0,2.5037593984962405,76.0,0.3,20.0,19.0,4
train,1,0,86986,86986,125287,95,13,3151,5.5,8,23,2,659.640053362438,5,295.0,333.0,38.0,8.763157894736842,19.0,0.6,59.0,19.0,1
test,1,0,86986,86986,125287,95,13,3151,5.5,8,23,2,474.34164902525697,10,200.0,333.0,133.0,2.5037593984962405,76.0,0.3,20.0,19.0,4
train,1,0,86986,86986,125287,96,13,3502,5.25,8,23,2,659.640053362438,5,295.0,333.0,38.0,8.763157894736842,19.0,0.6,59.0,19.0,1
test,1,0,86986,86986,125287,96,13,3502,5.25,8,23,2,474.34164902525697,10,200.0,333.0,133.0,2.5037593984962405,76.0,0.3,20.0,19.0,4
train,1,0,86986,86986,125287,97,13,3511,5.0,8,23,2,659.640053362438,5,295.0,333.0,38.0,8.763157894736842,19.0,0.6,59.0,19.0,1
test,1,0,86986,86986,125287,97,13,3511,5.0,8,23,2,474.34164902525697,10,200.0,333.0,133.0,2.5037593984962405,76.0,0.3,20.0,19.0,4
train,1,0,86986,86986,125287,98,13,3782,5.0,7,23,2,659.640053362438,5,295.0,333.0,38.0,8.763157894736842,19.0,0.6,59.0,19.0,1
test,1,0,86986,86986,125287,98,13,3782,5.0,7,23,2,360.1854522325964,11,181.0,333.0,152.0,2.1907894736842106,95.0,0.2727272727272727,16.454545454545453,19.0,5
train,1,0,86986,86986,125287,99,13,3151,5.25,8,23,2,659.640053362438,5,295.0,333.0,38.0,8.763157894736842,19.0,0.6,59.0,19.0,1
test,1,0,86986,86986,125287,99,13,3151,5.25,8,23,2,474.34164902525697,10,200.0,333.0,133.0,2.5037593984962405,76.0,0.3,20.0,19.0,4
train,1,0,86986,86986,125287,100,13,3782,5.25,8,23,2,659.640053362438,5,295.0,333.0,38.0,8.763157894736842,19.0,0.6,59.0,19.0,1
test,1,0,86986,86986,125287,100,13,3782,5.25,8,23,2,474.34164902525697,10,200.0,333.0,133.0,2.5037593984962405,76.0,0.3,20.0,19.0,4
train,2,22406,125287,125287,130699,0,13,3536,6.5,2,7,2,293.69957013928365,31,211.0,496.0,285.0,1.7403508771929825,76.0,0.5161290322580645,6.806451612903226,19.0,4
test,2,22406,125287,125287,130699,0,13,3536,6.5,2,7,2,-1000.0,0,0.0,0.0,0.0,inf,0.0,0.0,0.0,0.0,0
train,2,22406,125287,125287,130699,1,15,1700,6.0,3,3,2,508.66590214009824,21,111.0,187.0,76.0,2.460526315789474,19.0,0.8095238095238095,5.285714285714286,19.0,1
test,2,22406,125287,125287,130699,1,15,1700,6.0,3,3,2,-1000.0,0,0.0,0.0,0.0,inf,0.0,0.0,0.0,0.0,0
train,2,22406,125287,125287,130699,2,11,1274,8.75,2,6,2,673.230355161672,43,308.0,650.0,342.0,1.9005847953216375,81.0,0.5813953488372093,7.162790697674419,19.0,3
test,2,22406,125287,125287,130699,2,11,1274,8.75,2,6,2,-1000.0,0,0.0,0.0,0.0,inf,0.0,0.0,0.0,0.0,0
train,2,22406,125287,125287,130699,3,14,1274,7.25,3,17,3,746.4606486614013,14,399.0,567.0,168.0,3.375,48.0,0.5,28.5,24.0,2
test,2,22406,125287,125287,130699,3,14,1274,7.25,3,17,3,-1000.0,0,0.0,0.0,0.0,inf,0.0,0.0,0.0,0.0,0
train,2,22406,125287,125287,130699,4,14,1274,7.0,2,10,2,1384.0,16,346.0,460.0,114.0,4.035087719298246,19.0,0.625,21.625,19.0,1
test,2,22406,125287,125287,130699,4,14,1274,7.0,2,10,2,-1000.0,0,0.0,0.0,0.0,inf,0.0,0.0,0.0,0.0,0
train,2,22406,125287,125287,130699,5,14,1442,7.0,2,10,2,1384.0,16,346.0,460.0,114.0,4.035087719298246,19.0,0.625,21.625,19.0,1
test,2,22406,125287,125287,130699,5,14,1442,7.0,2,10,2,-1000.0,0,0.0,0.0,0.0,inf,0.0,0.0,0.0,0.0,0
train,2,22406,125287,125287,130699,6,14,2073,4.25,2,10,2,1384.0,16,346.0,460.0,114.0,4.035087719298246,19.0,0.625,21.625,19.0,1
test,2,22406,125287,125287,130699,6,14,2073,4.25,2,10,2,-1000.0,0,0.0,0.0,0.0,inf,0.0,0.0,0.0,0.0,0
train,2,22406,125287,125287,130699,7,14,2073,4.25,8,10,2,1384.0,16,346.0,460.0,114.0,4.035087719298246,19.0,0.625,21.625,19.0,1
test,2,22406,125287,125287,130699,7,14,2073,4.25,8,10,2,-1000.0,0,0.0,0.0,0.0,inf,0.0,0.0,0.0,0.0,0
train,2,22406,125287,125287,130699,8,14,1355,6.0,3,10,2,1384.0,16,346.0,460.0,114.0,4.035087719298246,19.0,0.625,21.625,19.0,1
test,2,22406,125287,125287,130699,8,14,1355,6.0,3,10,2,-1000.0,0,0.0,0.0,0.0,inf,0.0,0.0,0.0,0.0,0
train,2,22406,125287,125287,130699,9,14,1299,6.0,2,10,2,1384.0,16,346.0,460.0,114.0,4.035087719298246,19.0,0.625,21.625,19.0,1
test,2,22406,125287,125287,130699,9,14,1299,6.0,2,10,2,-1000.0,0,0.0,0.0,0.0,inf,0.0,0.0,0.0,0.0,0
train,2,22406,125287,125287,130699,10,14,1274,6.5,3,10,2,1384.0,16,346.0,460.0,114.0,4.035087719298246,19.0,0.625,21.625,19.0,1
test,2,22406,125287,125287,130699,10,14,1274,6.5,3,10,2,-1000.0,0,0.0,0.0,0.0,inf,0.0,0.0,0.0,0.0,0
train,2,22406,125287,125287,130699,11,14,1274,6.0,2,10,2,1384.0,16,346.0,460.0,114.0,4.035087719298246,19.0,0.625,21.625,19.0,1
test,2,22406,125287,125287,130699,11,14,1274,6.0,2,10,2,-1000.0,0,0.0,0.0,0.0,inf,0.0,0.0,0.0,0.0,0
train,2,22406,125287,125287,130699,12,14,1299,6.25,3,10,2,1384.0,16,346.0,460.0,114.0,4.035087719298246,19.0,0.625,21.625,19.0,1
test,2,22406,125287,125287,130699,12,14,1299,6.25,3,10,2,-1000.0,0,0.0,0.0,0.0,inf,0.0,0.0,0.0,0.0,0
train,2,22406,125287,125287,130699,13,14,1274,5.75,3,10,2,1384.0,16,346.0,460.0,114.0,4.035087719298246,19.0,0.625,21.625,19.0,1
test,2,22406,125287,125287,130699,13,14,1274,5.75,3,10,2,-1000.0,0,0.0,0.0,0.0,inf,0.0,0.0,0.0,0.0,0
train,2,22406,125287,125287,130699,14,14,1274,5.25,1,10,2,1384.0,16,346.0,460.0,114.0,4.035087719298246,19.0,0.625,21.625,19.0,1
test,2,22406,125287,125287,130699,14,14,1274,5.25,1,10,2,-1000.0,0,0.0,0.0,0.0,inf,0.0,0.0,0.0,0.0,0
train,2,22406,125287,125287,130699,15,14,1274,5.75,2,10,2,1384.0,16,346.0,460.0,114.0,4.035087719298246,19.0,0.625,21.625,19.0,1
test,2,22406,125287,125287,130699,15,14,1274,5.75,2,10,2,-1000.0,0,0.0,0.0,0.0,inf,0.0,0.0,0.0,0.0,0
train,2,22406,125287,125287,130699,16,14,1442,4.0,3,10,2,1384.0,16,346.0,460.0,114.0,4.035087719298246,19.0,0.625,21.625,19.0,1
test,2,22406,125287,125287,130699,16,14,1442,4.0,3,10,2,-1000.0,0,0.0,0.0,0.0,inf,0.0,0.0,0.0,0.0,0
train,2,22406,125287,125287,130699,17,14,1376,6.0,3,10,2,1384.0,16,346.0,460.0,114.0,4.035087719298246,19.0,0.625,21.625,19.0,1
test,2,22406,125287,125287,130699,17,14,1376,6.0,3,10,2,-1000.0,0,0.0,0.0,0.0,inf,0.0,0.0,0.0,0.0,0
train,2,22406,125287,125287,130699,18,14,1274,9.0,3,10,2,1384.0,16,346.0,460.0,114.0,4.035087719298246,19.0,0.625,21.625,19.0,1
test,2,22406,125287,125287,130699,18,14,1274,9.0,3,10,2,-1000.0,0,0.0,0.0,0.0,inf,0.0,0.0,0.0,0.0,0
train,2,22406,125287,125287,130699,19,14,1274,6.0,2,10,2,1384.0,16,346.0,460.0,114.0,4.035087719298246,19.0,0.625,21.625,19.0,1
test,2,22406,125287,125287,130699,19,14,1274,6.0,2,10,2,-1000.0,0,0.0,0.0,0.0,inf,0.0,0.0,0.0,0.0,0
train,2,22406,125287,125287,130699,20,14,1375,7.0,3,10,2,1384.0,16,346.0,460.0,114.0,4.035087719298246,19.0,0.625,21.625,19.0,1
test,2,22406,125287,125287,130699,20,14,1375,7.0,3,10,2,-1000.0,0,0.0,0.0,0.0,inf,0.0,0.0,0.0,0.0,0
train,2,22406,125287,125287,130699,21,14,1274,6.0,3,10,2,1384.0,16,346.0,460.0,114.0,4.035087719298246,19.0,0.625,21.625,19.0,1
test,2,22406,125287,125287,130699,21,14,1274,6.0,3,10,2,-1000.0,0,0.0,0.0,0.0,inf,0.0,0.0,0.0,0.0,0
train,2,22406,125287,125287,130699,22,14,1274,6.0,3,10,2,1384.0,16,346.0,460.0,114.0,4.035087719298246,19.0,0.625,21.625,19.0,1
test,2,22406,125287,125287,130699,22,14,1274,6.0,3,10,2,-1000.0,0,0.0,0.0,0.0,inf,0.0,0.0,0.0,0.0,0
train,2,22406,125287,125287,130699,23,14,1375,7.0,1,10,2,1384.0,16,346.0,460.0,114.0,4.035087719298246,19.0,0.625,21.625,19.0,1
test,2,22406,125287,125287,130699,23,14,1375,7.0,1,10,2,-1000.0,0,0.0,0.0,0.0,inf,0.0,0.0,0.0,0.0,0
train,2,22406,125287,125287,130699,24,14,1274,5.5,3,10,2,1384.0,16,346.0,460.0,114.0,4.035087719298246,19.0,0.625,21.625,19.0,1
test,2,22406,125287,125287,130699,24,14,1274,5.5,3,10,2,-1000.0,0,0.0,0.0,0.0,inf,0.0,0.0,0.0,0.0,0
train,2,22406,125287,125287,130699,25,14,1274,7.0,3,10,2,1384.0,16,346.0,460.0,114.0,4.035087719298246,19.0,0.625,21.625,19.0,1
test,2,22406,125287,125287,130699,25,14,1274,7.0,3,10,2,-1000.0,0,0.0,0.0,0.0,inf,0.0,0.0,0.0,0.0,0
train,2,22406,125287,125287,130699,26,14,1274,9.0,3,10,2,1384.0,16,346.0,460.0,114.0,4.035087719298246,19.0,0.625,21.625,19.0,1
test,2,22406,125287,125287,130699,26,14,1274,9.0,3,10,2,-1000.0,0,0.0,0.0,0.0,inf,0.0,0.0,0.0,0.0,0
train,2,22406,125287,125287,130699,27,14,1274,4.25,3,10,2,1384.0,16,346.0,460.0,114.0,4.035087719298246,19.0,0.625,21.625,19.0,1
test,2,22406,125287,125287,130699,27,14,1274,4.25,3,10,2,-1000.0,0,0.0,0.0,0.0,inf,0.0,0.0,0.0,0.0,0
train,2,22406,125287,125287,130699,28,14,1274,5.5,3,10,2,1384.0,16,346.0,460.0,114.0,4.035087719298246,19.0,0.625,21.625,19.0,1
test,2,22406,125287,125287,130699,28,14,1274,5.5,3,10,2,-1000.0,0,0.0,0.0,0.0,inf,0.0,0.0,0.0,0.0,0
train,2,22406,125287,125287,130699,29,14,1274,6.0,3,10,2,1384.0,16,346.0,460.0,114.0,4.035087719298246,19.0,0.625,21.625,19.0,1
test,2,22406,125287,125287,130699,29,14,1274,6.0,3,10,2,-1000.0,0,0.0,0.0,0.0,inf,0.0,0.0,0.0,0.0,0
train,2,22406,125287,125287,130699,30,14,1274,6.25,3,10,2,1384.0,16,346.0,460.0,114.0,4.035087719298246,19.0,0.625,21.625,19.0,1
test,2,22406,125287,125287,130699,30,14,1274,6.25,3,10,2,-1000.0,0,0.0,0.0,0.0,inf,0.0,0.0,0.0,0.0,0
train,2,22406,125287,125287,130699,31,14,2073,4.25,3,10,2,1384.0,16,346.0,460.0,114.0,4.035087719298246,19.0,0.625,21.625,19.0,1
test,2,22406,125287,125287,130699,31,14,2073,4.25,3,10,2,-1000.0,0,0.0,0.0,0.0,inf,0.0,0.0,0.0,0.0,0
train,2,22406,125287,125287,130699,32,14,2073,4.25,3,10,2,1384.0,16,346.0,460.0,114.0,4.035087719298246,19.0,0.625,21.625,19.0,1
test,2,22406,125287,125287,130699,32,14,2073,4.25,3,10,2,-1000.0,0,0.0,0.0,0.0,inf,0.0,0.0,0.0,0.0,0
train,2,22406,125287,125287,130699,33,14,2073,4.25,3,10,2,1384.0,16,346.0,460.0,114.0,4.035087719298246,19.0,0.625,21.625,19.0,1
test,2,22406,125287,125287,130699,33,14,2073,4.25,3,10,2,-1000.0,0,0.0,0.0,0.0,inf,0.0,0.0,0.0,0.0,0
train,2,22406,125287,125287,130699,34,14,1274,4.25,2,10,2,1384.0,16,346.0,460.0,114.0,4.035087719298246,19.0,0.625,21.625,19.0,1
test,2,22406,125287,125287,130699,34,14,1274,4.25,2,10,2,-1000.0,0,0.0,0.0,0.0,inf,0.0,0.0,0.0,0.0,0
train,2,22406,125287,125287,130699,35,14,1274,5.75,3,10,2,1384.0,16,346.0,460.0,114.0,4.035087719298246,19.0,0.625,21.625,19.0,1
test,2,22406,125287,125287,130699,35,14,1274,5.75,3,10,2,-1000.0,0,0.0,0.0,0.0,inf,0.0,0.0,0.0,0.0,0
train,2,22406,125287,125287,130699,36,14,2073,6.25,3,10,2,1384.0,16,346.0,460.0,114.0,4.035087719298246,19.0,0.625,21.625,19.0,1
test,2,22406,125287,125287,130699,36,14,2073,6.25,3,10,2,-1000.0,0,0.0,0.0,0.0,inf,0.0,0.0,0.0,0.0,0
train,2,22406,125287,125287,130699,37,14,1274,6.0,2,10,2,1384.0,16,346.0,460.0,114.0,4.035087719298246,19.0,0.625,21.625,19.0,1
test,2,22406,125287,125287,130699,37,14,1274,6.0,2,10,2,-1000.0,0,0.0,0.0,0.0,inf,0.0,0.0,0.0,0.0,0
train,2,22406,125287,125287,130699,38,14,2280,5.0,2,10,2,1384.0,16,346.0,460.0,114.0,4.035087719298246,19.0,0.625,21.625,19.0,1
test,2,22406,125287,125287,130699,38,14,2280,5.0,2,10,2,-1000.0,0,0.0,0.0,0.0,inf,0.0,0.0,0.0,0.0,0
train,2,22406,125287,125287,130699,39,14,1350,5.0,3,10,2,1384.0,16,346.0,460.0,114.0,4.035087719298246,19.0,0.625,21.625,19.0,1
test,2,22406,125287,125287,130699,39,14,1350,5.0,3,10,2,-1000.0,0,0.0,0.0,0.0,inf,0.0,0.0,0.0,0.0,0
train,2,22406,125287,125287,130699,40,14,1350,4.5,5,10,2,1384.0,16,346.0,460.0,114.0,4.035087719298246,19.0,0.625,21.625,19.0,1
test,2,22406,125287,125287,130699,40,14,1350,4.5,5,10,2,-1000.0,0,0.0,0.0,0.0,inf,0.0,0.0,0.0,0.0,0
train,2,22406,125287,125287,130699,41,14,1274,4.5,5,10,2,1384.0,16,346.0,460.0,114.0,4.035087719298246,19.0,0.625,21.625,19.0,1
test,2,22406,125287,125287,130699,41,14,1274,4.5,5,10,2,-1000.0,0,0.0,0.0,0.0,inf,0.0,0.0,0.0,0.0,0
train,2,22406,125287,125287,130699,42,14,1274,4.5,2,10,2,1384.0,16,346.0,460.0,114.0,4.035087719298246,19.0,0.625,21.625,19.0,1
test,2,22406,125287,125287,130699,42,14,1274,4.5,2,10,2,-1000.0,0,0.0,0.0,0.0,inf,0.0,0.0,0.0,0.0,0
train,2,22406,125287,125287,130699,43,14,1338,4.25,5,10,2,1384.0,16,346.0,460.0,114.0,4.035087719298246,19.0,0.625,21.625,19.0,1
test,2,22406,125287,125287,130699,43,14,1338,4.25,5,10,2,-1000.0,0,0.0,0.0,0.0,inf,0.0,0.0,0.0,0.0,0
train,2,22406,125287,125287,130699,44,14,1286,4.25,4,10,2,1384.0,16,346.0,460.0,114.0,4.035087719298246,19.0,0.625,21.625,19.0,1
test,2,22406,125287,125287,130699,44,14,1286,4.25,4,10,2,-1000.0,0,0.0,0.0,0.0,inf,0.0,0.0,0.0,0.0,0
train,2,22406,125287,125287,130699,45,14,1299,4.75,2,10,2,1384.0,16,346.0,460.0,114.0,4.035087719298246,19.0,0.625,21.625,19.0,1
test,2,22406,125287,125287,130699,45,14,1299,4.75,2,10,2,-1000.0,0,0.0,0.0,0.0,inf,0.0,0.0,0.0,0.0,0
train,2,22406,125287,125287,130699,46,14,1299,4.25,5,10,2,1384.0,16,346.0,460.0,114.0,4.035087719298246,19.0,0.625,21.625,19.0,1
test,2,22406,125287,125287,130699,46,14,1299,4.25,5,10,2,-1000.0,0,0.0,0.0,0.0,inf,0.0,0.0,0.0,0.0,0
train,2,22406,125287,125287,130699,47,14,2097,6.0,3,10,2,1384.0,16,346.0,460.0,114.0,4.035087719298246,19.0,0.625,21.625,19.0,1
test,2,22406,125287,125287,130699,47,14,2097,6.0,3,10,2,-1000.0,0,0.0,0.0,0.0,inf,0.0,0.0,0.0,0.0,0
train,2,22406,125287,125287,130699,48,14,1286,4.5,3,10,2,1384.0,16,346.0,460.0,114.0,4.035087719298246,19.0,0.625,21.625,19.0,1
test,2,22406,125287,125287,130699,48,14,1286,4.5,3,10,2,-1000.0,0,0.0,0.0,0.0,inf,0.0,0.0,0.0,0.0,0
train,2,22406,125287,125287,130699,49,14,1350,4.5,2,10,2,1384.0,16,346.0,460.0,114.0,4.035087719298246,19.0,0.625,21.625,19.0,1
test,2,22406,125287,125287,130699,49,14,1350,4.5,2,10,2,-1000.0,0,0.0,0.0,0.0,inf,0.0,0.0,0.0,0.0,0
train,2,22406,125287,125287,130699,50,14,1338,4.25,5,10,2,1384.0,16,346.0,460.0,114.0,4.035087719298246,19.0,0.625,21.625,19.0,1
test,2,22406,125287,125287,130699,50,14,1338,4.25,5,10,2,-1000.0,0,0.0,0.0,0.0,inf,0.0,0.0,0.0,0.0,0
train,2,22406,125287,125287,130699,51,14,1515,4.75,5,10,2,1384.0,16,346.0,460.0,114.0,4.035087719298246,19.0,0.625,21.625,19.0,1
test,2,22406,125287,125287,130699,51,14,1515,4.75,5,10,2,-1000.0,0,0.0,0.0,0.0,inf,0.0,0.0,0.0,0.0,0
train,2,22406,125287,125287,130699,52,14,1274,4.5,5,10,2,1384.0,16,346.0,460.0,114.0,4.035087719298246,19.0,0.625,21.625,19.0,1
test,2,22406,125287,125287,130699,52,14,1274,4.5,5,10,2,-1000.0,0,0.0,0.0,0.0,inf,0.0,0.0,0.0,0.0,0
train,2,22406,125287,125287,130699,53,14,2280,5.0,3,10,2,1384.0,16,346.0,460.0,114.0,4.035087719298246,19.0,0.625,21.625,19.0,1
test,2,22406,125287,125287,130699,53,14,2280,5.0,3,10,2,-1000.0,0,0.0,0.0,0.0,inf,0.0,0.0,0.0,0.0,0
train,2,22406,125287,125287,130699,54,14,1458,5.75,3,10,2,1384.0,16,346.0,460.0,114.0,4.035087719298246,19.0,0.625,21.625,19.0,1
test,2,22406,125287,125287,130699,54,14,1458,5.75,3,10,2,-1000.0,0,0.0,0.0,0.0,inf,0.0,0.0,0.0,0.0,0
train,2,22406,125287,125287,130699,55,14,1274,5.75,3,10,2,1384.0,16,346.0,460.0,114.0,4.035087719298246,19.0,0.625,21.625,19.0,1
test,2,22406,125287,125287,130699,55,14,1274,5.75,3,10,2,-1000.0,0,0.0,0.0,0.0,inf,0.0,0.0,0.0,0.0,0
train,2,22406,125287,125287,130699,56,14,1515,6.0,4,10,2,1384.0,16,346.0,460.0,114.0,4.035087719298246,19.0,0.625,21.625,19.0,1
test,2,22406,125287,125287,130699,56,14,1515,6.0,4,10,2,-1000.0,0,0.0,0.0,0.0,inf,0.0,0.0,0.0,0.0,0
train,2,22406,125287,125287,130699,57,14,1350,4.25,5,10,2,1384.0,16,346.0,460.0,114.0,4.035087719298246,19.0,0.625,21.625,19.0,1
test,2,22406,125287,125287,130699,57,14,1350,4.25,5,10,2,-1000.0,0,0.0,0.0,0.0,inf,0.0,0.0,0.0,0.0,0
train,2,22406,125287,125287,130699,58,14,2280,4.5,6,10,2,1384.0,16,346.0,460.0,114.0,4.035087719298246,19.0,0.625,21.625,19.0,1
test,2,22406,125287,125287,130699,58,14,2280,4.5,6,10,2,-1000.0,0,0.0,0.0,0.0,inf,0.0,0.0,0.0,0.0,0
train,2,22406,125287,125287,130699,59,14,1402,6.25,3,10,2,1384.0,16,346.0,460.0,114.0,4.035087719298246,19.0,0.625,21.625,19.0,1
test,2,22406,125287,125287,130699,59,14,1402,6.25,3,10,2,-1000.0,0,0.0,0.0,0.0,inf,0.0,0.0,0.0,0.0,0
train,2,22406,125287,125287,130699,60,14,1458,4.75,2,10,2,1384.0,16,346.0,460.0,114.0,4.035087719298246,19.0,0.625,21.625,19.0,1
test,2,22406,125287,125287,130699,60,14,1458,4.75,2,10,2,-1000.0,0,0.0,0.0,0.0,inf,0.0,0.0,0.0,0.0,0
train,2,22406,125287,125287,130699,61,14,1274,4.5,3,10,2,1384.0,16,346.0,460.0,114.0,4.035087719298246,19.0,0.625,21.625,19.0,1
test,2,22406,125287,125287,130699,61,14,1274,4.5,3,10,2,-1000.0,0,0.0,0.0,0.0,inf,0.0,0.0,0.0,0.0,0
train,2,22406,125287,125287,130699,62,14,1458,4.0,3,10,2,1384.0,16,346.0,460.0,114.0,4.035087719298246,19.0,0.625,21.625,19.0,1
test,2,22406,125287,125287,130699,62,14,1458,4.0,3,10,2,-1000.0,0,0.0,0.0,0.0,inf,0.0,0.0,0.0,0.0,0
train,2,22406,125287,125287,130699,63,14,1621,6.5,6,10,2,1384.0,16,346.0,460.0,114.0,4.035087719298246,19.0,0.625,21.625,19.0,1
test,2,22406,125287,125287,130699,63,14,1621,6.5,6,10,2,-1000.0,0,0.0,0.0,0.0,inf,0.0,0.0,0.0,0.0,0
train,2,22406,125287,125287,130699,64,14,1275,6.25,4,10,2,1384.0,16,346.0,460.0,114.0,4.035087719298246,19.0,0.625,21.625,19.0,1
test,2,22406,125287,125287,130699,64,14,1275,6.25,4,10,2,-1000.0,0,0.0,0.0,0.0,inf,0.0,0.0,0.0,0.0,0
train,2,22406,125287,125287,130699,65,14,1402,4.5,4,10,2,1384.0,16,346.0,460.0,114.0,4.035087719298246,19.0,0.625,21.625,19.0,1
test,2,22406,125287,125287,130699,65,14,1402,4.5,4,10,2,-1000.0,0,0.0,0.0,0.0,inf,0.0,0.0,0.0,0.0,0
train,2,22406,125287,125287,130699,66,14,1458,4.0,6,10,2,1384.0,16,346.0,460.0,114.0,4.035087719298246,19.0,0.625,21.625,19.0,1
test,2,22406,125287,125287,130699,66,14,1458,4.0,6,10,2,-1000.0,0,0.0,0.0,0.0,inf,0.0,0.0,0.0,0.0,0
train,2,22406,125287,125287,130699,67,14,1402,4.5,5,10,2,1384.0,16,346.0,460.0,114.0,4.035087719298246,19.0,0.625,21.625,19.0,1
test,2,22406,125287,125287,130699,67,14,1402,4.5,5,10,2,-1000.0,0,0.0,0.0,0.0,inf,0.0,0.0,0.0,0.0,0
train,2,22406,125287,125287,130699,68,14,1458,6.5,4,10,2,1384.0,16,346.0,460.0,114.0,4.035087719298246,19.0,0.625,21.625,19.0,1
test,2,22406,125287,125287,130699,68,14,1458,6.5,4,10,2,-1000.0,0,0.0,0.0,0.0,inf,0.0,0.0,0.0,0.0,0
train,2,22406,125287,125287,130699,69,14,1373,4.25,5,10,2,1384.0,16,346.0,460.0,114.0,4.035087719298246,19.0,0.625,21.625,19.0,1
test,2,22406,125287,125287,130699,69,14,1373,4.25,5,10,2,-1000.0,0,0.0,0.0,0.0,inf,0.0,0.0,0.0,0.0,0
train,2,22406,125287,125287,130699,70,14,1274,4.5,2,10,2,1384.0,16,346.0,460.0,114.0,4.035087719298246,19.0,0.625,21.625,19.0,1
test,2,22406,125287,125287,130699,70,14,1274,4.5,2,10,2,-1000.0,0,0.0,0.0,0.0,inf,0.0,0.0,0.0,0.0,0
train,2,22406,125287,125287,130699,71,14,2416,4.75,4,10,2,1384.0,16,346.0,460.0,114.0,4.035087719298246,19.0,0.625,21.625,19.0,1
test,2,22406,125287,125287,130699,71,14,2416,4.75,4,10,2,-1000.0,0,0.0,0.0,0.0,inf,0.0,0.0,0.0,0.0,0
train,2,22406,125287,125287,130699,72,14,1402,4.5,3,10,2,1384.0,16,346.0,460.0,114.0,4.035087719298246,19.0,0.625,21.625,19.0,1
test,2,22406,125287,125287,130699,72,14,1402,4.5,3,10,2,-1000.0,0,0.0,0.0,0.0,inf,0.0,0.0,0.0,0.0,0
train,2,22406,125287,125287,130699,73,14,1458,6.25,6,10,2,1384.0,16,346.0,460.0,114.0,4.035087719298246,19.0,0.625,21.625,19.0,1
test,2,22406,125287,125287,130699,73,14,1458,6.25,6,10,2,-1000.0,0,0.0,0.0,0.0,inf,0.0,0.0,0.0,0.0,0
train,2,22406,125287,125287,130699,74,14,1458,4.0,3,10,2,1384.0,16,346.0,460.0,114.0,4.035087719298246,19.0,0.625,21.625,19.0,1
test,2,22406,125287,125287,130699,74,14,1458,4.0,3,10,2,-1000.0,0,0.0,0.0,0.0,inf,0.0,0.0,0.0,0.0,0
train,2,22406,125287,125287,130699,75,14,2280,6.25,6,10,2,1384.0,16,346.0,460.0,114.0,4.035087719298246,19.0,0.625,21.625,19.0,1
test,2,22406,125287,125287,130699,75,14,2280,6.25,6,10,2,-1000.0,0,0.0,0.0,0.0,inf,0.0,0.0,0.0,0.0,0
train,2,22406,125287,125287,130699,76,14,2097,4.25,5,10,2,1384.0,16,346.0,460.0,114.0,4.035087719298246,19.0,0.625,21.625,19.0,1
test,2,22406,125287,125287,130699,76,14,2097,4.25,5,10,2,-1000.0,0,0.0,0.0,0.0,inf,0.0,0.0,0.0,0.0,0
train,2,22406,125287,125287,130699,77,14,1402,6.25,5,10,2,1384.0,16,346.0,460.0,114.0,4.035087719298246,19.0,0.625,21.625,19.0,1
test,2,22406,125287,125287,130699,77,14,1402,6.25,5,10,2,-1000.0,0,0.0,0.0,0.0,inf,0.0,0.0,0.0,0.0,0
train,2,22406,125287,125287,130699,78,14,1402,6.25,6,10,2,1384.0,16,346.0,460.0,114.0,4.035087719298246,19.0,0.625,21.625,19.0,1
test,2,22406,125287,125287,130699,78,14,1402,6.25,6,10,2,-1000.0,0,0.0,0.0,0.0,inf,0.0,0.0,0.0,0.0,0
train,2,22406,125287,125287,130699,79,14,1402,6.25,4,10,2,1384.0,16,346.0,460.0,114.0,4.035087719298246,19.0,0.625,21.625,19.0,1
test,2,22406,125287,125287,130699,79,14,1402,6.25,4,10,2,-1000.0,0,0.0,0.0,0.0,inf,0.0,0.0,0.0,0.0,0
train,2,22406,125287,125287,130699,80,14,1458,6.25,5,10,2,1384.0,16,346.0,460.0,114.0,4.035087719298246,19.0,0.625,21.625,19.0,1
test,2,22406,125287,125287,130699,80,14,1458,6.25,5,10,2,-1000.0,0,0.0,0.0,0.0,inf,0.0,0.0,0.0,0.0,0
train,2,22406,125287,125287,130699,81,14,1458,4.5,5,10,2,1384.0,16,346.0,460.0,114.0,4.035087719298246,19.0,0.625,21.625,19.0,1
test,2,22406,125287,125287,130699,81,14,1458,4.5,5,10,2,-1000.0,0,0.0,0.0,0.0,inf,0.0,0.0,0.0,0.0,0
train,2,22406,125287,125287,130699,82,14,2416,6.25,5,10,2,1384.0,16,346.0,460.0,114.0,4.035087719298246,19.0,0.625,21.625,19.0,1
test,2,22406,125287,125287,130699,82,14,2416,6.25,5,10,2,-1000.0,0,0.0,0.0,0.0,inf,0.0,0.0,0.0,0.0,0
train,2,22406,125287,125287,130699,83,14,1402,6.25,5,10,2,1384.0,16,346.0,460.0,114.0,4.035087719298246,19.0,0.625,21.625,19.0,1
test,2,22406,125287,125287,130699,83,14,1402,6.25,5,10,2,-1000.0,0,0.0,0.0,0.0,inf,0.0,0.0,0.0,0.0,0
train,2,22406,125287,125287,130699,84,14,1458,6.25,6,10,2,1384.0,16,346.0,460.0,114.0,4.035087719298246,19.0,0.625,21.625,19.0,1
test,2,22406,125287,125287,130699,84,14,1458,6.25,6,10,2,-1000.0,0,0.0,0.0,0.0,inf,0.0,0.0,0.0,0.0,0
train,2,22406,125287,125287,130699,85,14,1402,4.5,2,10,2,1384.0,16,346.0,460.0,114.0,4.035087719298246,19.0,0.625,21.625,19.0,1
test,2,22406,125287,125287,130699,85,14,1402,4.5,2,10,2,-1000.0,0,0.0,0.0,0.0,inf,0.0,0.0,0.0,0.0,0
train,2,22406,125287,125287,130699,86,14,2052,4.5,4,10,2,1384.0,16,346.0,460.0,114.0,4.035087719298246,19.0,0.625,21.625,19.0,1
test,2,22406,125287,125287,130699,86,14,2052,4.5,4,10,2,-1000.0,0,0.0,0.0,0.0,inf,0.0,0.0,0.0,0.0,0
train,2,22406,125287,125287,130699,87,14,1501,4.5,3,10,2,1384.0,16,346.0,460.0,114.0,4.035087719298246,19.0,0.625,21.625,19.0,1
test,2,22406,125287,125287,130699,87,14,1501,4.5,3,10,2,-1000.0,0,0.0,0.0,0.0,inf,0.0,0.0,0.0,0.0,0
train,2,22406,125287,125287,130699,88,14,1387,6.25,2,10,2,1384.0,16,346.0,460.0,114.0,4.035087719298246,19.0,0.625,21.625,19.0,1
test,2,22406,125287,125287,130699,88,14,1387,6.25,2,10,2,-1000.0,0,0.0,0.0,0.0,inf,0.0,0.0,0.0,0.0,0
train,2,22406,125287,125287,130699,89,14,1458,4.5,2,10,2,1384.0,16,346.0,460.0,114.0,4.035087719298246,19.0,0.625,21.625,19.0,1
test,2,22406,125287,125287,130699,89,14,1458,4.5,2,10,2,-1000.0,0,0.0,0.0,0.0,inf,0.0,0.0,0.0,0.0,0
train,2,22406,125287,125287,130699,90,14,1402,4.75,2,10,2,1384.0,16,346.0,460.0,114.0,4.035087719298246,19.0,0.625,21.625,19.0,1
test,2,22406,125287,125287,130699,90,14,1402,4.75,2,10,2,-1000.0,0,0.0,0.0,0.0,inf,0.0,0.0,0.0,0.0,0
train,2,22406,125287,125287,130699,91,14,1402,5.5,2,10,2,1384.0,16,346.0,460.0,114.0,4.035087719298246,19.0,0.625,21.625,19.0,1
test,2,22406,125287,125287,130699,91,14,1402,5.5,2,10,2,-1000.0,0,0.0,0.0,0.0,inf,0.0,0.0,0.0,0.0,0
train,2,22406,125287,125287,130699,92,14,1387,6.25,3,10,2,1384.0,16,346.0,460.0,114.0,4.035087719298246,19.0,0.625,21.625,19.0,1
test,2,22406,125287,125287,130699,92,14,1387,6.25,3,10,2,-1000.0,0,0.0,0.0,0.0,inf,0.0,0.0,0.0,0.0,0
train,2,22406,125287,125287,130699,93,14,1359,4.5,6,10,2,1384.0,16,346.0,460.0,114.0,4.035087719298246,19.0,0.625,21.625,19.0,1
test,2,22406,125287,125287,130699,93,14,1359,4.5,6,10,2,-1000.0,0,0.0,0.0,0.0,inf,0.0,0.0,0.0,0.0,0
train,2,22406,125287,125287,130699,94,14,1458,4.75,4,10,2,1384.0,16,346.0,460.0,114.0,4.035087719298246,19.0,0.625,21.625,19.0,1
test,2,22406,125287,125287,130699,94,14,1458,4.75,4,10,2,-1000.0,0,0.0,0.0,0.0,inf,0.0,0.0,0.0,0.0,0
train,2,22406,125287,125287,130699,95,14,1458,4.25,5,10,2,1384.0,16,346.0,460.0,114.0,4.035087719298246,19.0,0.625,21.625,19.0,1
test,2,22406,125287,125287,130699,95,14,1458,4.25,5,10,2,-1000.0,0,0.0,0.0,0.0,inf,0.0,0.0,0.0,0.0,0
train,2,22406,125287,125287,130699,96,14,1402,6.0,4,10,2,1384.0,16,346.0,460.0,114.0,4.035087719298246,19.0,0.625,21.625,19.0,1
test,2,22406,125287,125287,130699,96,14,1402,6.0,4,10,2,-1000.0,0,0.0,0.0,0.0,inf,0.0,0.0,0.0,0.0,0
train,2,22406,125287,125287,130699,97,14,1402,6.25,4,10,2,1384.0,16,346.0,460.0,114.0,4.035087719298246,19.0,0.625,21.625,19.0,1
test,2,22406,125287,125287,130699,97,14,1402,6.25,4,10,2,-1000.0,0,0.0,0.0,0.0,inf,0.0,0.0,0.0,0.0,0
train,2,22406,125287,125287,130699,98,14,1558,4.75,2,10,2,1384.0,16,346.0,460.0,114.0,4.035087719298246,19.0,0.625,21.625,19.0,1
test,2,22406,125287,125287,130699,98,14,1558,4.75,2,10,2,-1000.0,0,0.0,0.0,0.0,inf,0.0,0.0,0.0,0.0,0
train,2,22406,125287,125287,130699,99,14,1331,6.0,3,10,2,1384.0,16,346.0,460.0,114.0,4.035087719298246,19.0,0.625,21.625,19.0,1
test,2,22406,125287,125287,130699,99,14,1331,6.0,3,10,2,-1000.0,0,0.0,0.0,0.0,inf,0.0,0.0,0.0,0.0,0
train,2,22406,125287,125287,130699,100,14,1444,4.5,4,10,2,1384.0,16,346.0,460.0,114.0,4.035087719298246,19.0,0.625,21.625,19.0,1
test,2,22406,125287,125287,130699,100,14,1444,4.5,4,10,2,-1000.0,0,0.0,0.0,0.0,inf,0.0,0.0,0.0,0.0,0
